{"Afghanistan": [33.85639924331851, 66.08669017344639], "Angola": [-12.245868967981588, 17.470572472744323], "Albania": [41.14135336776871, 20.03242638605213], "United Arab Emirates": [23.86863351514742, 54.20671462253365], "Argentina": [-35.44682138709455, -65.1753606596912], "Armenia": [40.21660746331794, 45.0002902364525], "Antarctica": [-77.32786014887495, 30.028836721266213], "French Southern and Antarctic Lands": [-49.30645491167198, 69.53158047042368], "Australia": [-25.73065474488304, 134.50277546065476], "Austria": [47.61394873674072, 14.076158737088777], "Azerbaijan": [40.22069070796514, 47.553909627631946], "Burundi": [-3.377391780507063, 29.91390108115306], "Belgium": [50.652442788532966, 4.580831170355562], "Benin": [9.647430604325601, 2.3373776582836743], "Burkina Faso": [12.311650411193026, -1.7765373932154904], "Bangladesh": [23.839461928066164, 90.26792836633709], "Bulgaria": [42.753118773003436, 25.19511089646029], "The Bahamas": [25.515491725336627, -77.92997080393516], "Bosnia and Herzegovina": [44.18076800389074, 17.816883262474374], "Belarus": [53.5063443528151, 27.9813540194957], "Belize": [17.19708979519939, -88.70342126984333], "Bermuda": [32.31249269890271, -64.7596428319067], "Bolivia": [-16.72898694975875, -64.64140560988855], "Brazil": [-10.806773681852473, -53.054339956839804], "Brunei": [4.690250696299431, 114.9151088130699], "Bhutan": [27.427968650300976, 90.47242488617393], "Botswana": [-22.099711410350604, 23.773081475874147], "Central African Republic": [6.542778839030211, 20.3743469839373], "Canada": [61.46907618621389, -98.1423812181964], "Switzerland": [46.791737781866615, 8.118300753356499], "Chile": [-39.04701418752338, -71.52064384269416], "China": [36.55506850593304, 103.88361620775106], "Ivory Coast": [7.553755039532442, -5.6120436791882335], "Cameroon": [5.663098262285096, 12.611552456953563], "Democratic Republic of the Congo": [-2.85027562333238, 23.582955887560278], "Republic of the Congo": [-0.8378009737534027, 15.134461756195169], "Colombia": [3.9272138479203975, -73.07773203253647], "Costa Rica": [9.965671026982957, -84.17542316107479], "Cuba": [21.631751486104132, -78.9606848744816], "Northern Cyprus": [35.273957762212014, 33.55828628437734], "Cyprus": [34.90706080017096, 33.039553870938605], "Czech Republic": [49.775245261027486, 15.33455826159284], "Germany": [51.133722711258805, 10.288485064046565], "Djibouti": [11.773044433321944, 42.498019696806395], "Denmark": [56.063934567763965, 9.87637282636348], "Dominican Republic": [18.88448706027165, -70.46235846504965], "Algeria": [28.185481292453204, 2.598047814474601], "Ecuador": [-1.4547717410770844, -78.38416672242975], "Egypt": [26.50661999740764, 29.844461516983504], "Eritrea": [15.427275615053311, 38.678177332848904], "Spain": [40.348656154214375, -3.617020675956449], "Estonia": [58.643695211078615, 25.824728223109098], "Ethiopia": [8.653999193325815, 39.55125579592934], "Finland": [64.50409386705032, 26.211764688890245], "Fiji": [-17.31630917486496, 163.85314668803488], "Falkland Islands": [-51.71322176551184, -59.420972793110195], "France": [46.53596201017112, 2.446568757427332], "Gabon": [-0.6470482175701116, 11.687751178626524], "United Kingdom": [53.914773538359306, -2.8531355495938624], "Georgia": [42.16201894135138, 43.48154010544418], "Ghana": [7.928651850055787, -1.2369684817190991], "Guinea": [10.448272958512803, -11.060853680804723], "Gambia": [13.475334412500354, -15.431873125070858], "Guinea Bissau": [12.022704479025894, -15.110623891988213], "Equatorial Guinea": [1.6458644272354876, 10.366031310571556], "Greece": [39.06671600519395, 22.719813459686637], "Greenland": [74.77048769413572, -41.50018111432645], "Guatemala": [15.699360539402393, -90.36945850600854], "French Guiana": [3.9059336791597485, -53.23850610465858], "Guyana": [4.7902253586691765, -58.97120312374411], "Honduras": [14.82294706719595, -86.58996381210828], "Croatia": [45.01623410277826, 16.56619110394417], "Haiti": [18.90070095173123, -72.65801345517245], "Hungary": [47.19995119508128, 19.357628548023534], "Indonesia": [-2.221738041335868, 117.42340794351826], "India": [22.925006300070315, 79.59370366438509], "Ireland": [53.18059108949045, -8.01023680654156], "Iran": [32.518917306489975, 54.285451492991996], "Iraq": [33.03682253689666, 43.75691146416444], "Iceland": [65.07427634281433, -18.761028817121847], "Israel": [31.484917756757323, 35.0038499626741], "Italy": [42.75118276365151, 12.140788356331674], "Jamaica": [18.137635986094782, -77.324254740848], "Jordan": [31.245490666265262, 36.779454988821506], "Japan": [37.663110587432655, 138.06496186793873], "Kazakhstan": [48.191662125259384, 67.28460878718074], "Kenya": [0.5959662917718914, 37.79155523764564], "Kyrgyzstan": [41.50689357007609, 74.62040463206557], "Cambodia": [12.684728701098114, 104.87608521320288], "South Korea": [36.42759872225709, 127.82131716620974], "Kosovo": [42.579364814805224, 20.895352499812947], "Kuwait": [29.30726673529533, 47.60009862494607], "Laos": [18.444978189083884, 103.75025970028895], "Lebanon": [33.911827121169445, 35.87098639945554], "Liberia": [6.431619946346841, -9.410836102614711], "Libya": [26.997460440963433, 17.974352720239533], "Sri Lanka": [7.700534337706256, 80.66723578775108], "Lesotho": [-29.625290677812963, 28.17010529109305], "Lithuania": [55.284319424545075, 23.88064036129675], "Luxembourg": [49.76570531731527, 5.965223241738826], "Latvia": [56.80717516493736, 24.833295923942458], "Morocco": [29.885394456203414, -8.42047971881785], "Moldova": [47.20367646591227, 28.410482745436717], "Madagascar": [-19.356114029038594, 46.691170818879264], "Mexico": [23.935371917330773, -102.5763495126284], "Macedonia": [41.605929024780856, 21.69789690466625], "Mali": [17.267772216375366, -3.543294472195163], "Malta": [35.92151327679818, 14.405220349501239], "Myanmar": [21.01699982503081, 96.50584091100943], "Montenegro": [42.78903831354488, 19.286181019707648], "Mongolia": [46.823682495246146, 102.94640494589302], "Mozambique": [-17.230446649442374, 35.47261706364551], "Mauritania": [20.209267212839432, -10.326397038820698], "Malawi": [-13.172832818433942, 34.19360519275309], "Malaysia": [3.7255883777921546, 109.69814849304868], "Namibia": [-22.099776973240573, 17.156168162687653], "New Caledonia": [-21.261357478271123, 165.53447404749988], "Niger": [17.34555236127209, 9.32442940354474], "Nigeria": [9.54831838084792, 7.995127765434098], "Nicaragua": [12.848190416553471, -85.02031834631018], "Netherlands": [52.298700259566616, 5.5122172571181105], "Norway": [69.156856034733, 15.46812583944915], "Nepal": [28.23944004709294, 84.01317380021769], "New Zealand": [-41.662578685033644, 172.70192609451473], "Oman": [20.611174318316188, 56.098672807132026], "Pakistan": [29.97346004255049, 69.41399808627126], "Panama": [8.530019285800913, -80.10916482305008], "Peru": [-9.191562965945675, -74.39180587730088], "Philippines": [11.763799338463123, 122.90267236651442], "Papua New Guinea": [-6.451644565279896, 145.3175745349752], "Poland": [52.14826030557406, 19.31101431086566], "Puerto Rico": [18.237224722054247, -66.47922257377317], "North Korea": [40.14302104546928, 127.16501682893403], "Portugal": [39.63404967691429, -8.055765653987546], "Paraguay": [-23.248042095447325, -58.38738769647533], "Qatar": [25.321851009758305, 51.18350260887302], "Romania": [45.857100987775276, 24.943252307608724], "Russia": [61.98084070468222, 96.87522333795974], "Rwanda": [-2.013515564416977, 29.91896589696581], "Western Sahara": [24.291172849913757, -12.137831279237792], "Saudi Arabia": [24.123289795583638, 44.51636382661863], "Sudan": [15.990584955445737, 29.862604017208476], "South Sudan": [7.2928895897951325, 30.19861747178924], "Senegal": [14.354140014155805, -14.50980270579705], "Solomon Islands": [-8.852497486452751, 159.96661541684992], "Sierra Leone": [8.530353735589902, -11.795257379763935], "El Salvador": [13.726091618589232, -88.87290324483777], "Somaliland": [9.757970278633923, 46.23074785947273],